1,Drunk/ Stoned/ Stupid,WAKES UP WITH HALF A BURRITO IN BED
1,Drunk/ Stoned/ Stupid,HAS A THREE HOUR LONG CONVERSATION ABOUT SPACE
1,Drunk/ Stoned/ Stupid,SPENDS ALL DAY INTERPRETING A TEXT
1,Drunk/ Stoned/ Stupid,HAS A DARK SIDE
1,Drunk/ Stoned/ Stupid,IS A LITTLE B*TCH
1,Drunk/ Stoned/ Stupid,IS ALLERGIC TO EVERYTHING
1,Drunk/ Stoned/ Stupid,TOUCHES EVERYONE EXCESSIVELY FOR NO REASON
1,Drunk/ Stoned/ Stupid,MAKES OUT WITH THE SAME SEX BUT ISN'T BI
1,Drunk/ Stoned/ Stupid,IS GOING STRAIGHT TO HELL
1,Drunk/ Stoned/ Stupid,GETS CONVINCED STRANGERS ARE CELEBRITIES
1,Drunk/ Stoned/ Stupid,IS ACTIVELY PREPARING FOR THE END OF THE WORLD
1,Drunk/ Stoned/ Stupid,GETS POPCORN BUCKET FROM TRASH FOR FREE REFILLS
1,Drunk/ Stoned/ Stupid,SINGS BUT SHOULDN'T
1,Drunk/ Stoned/ Stupid,HAS SEX WHILE WATCHING TV
1,Drunk/ Stoned/ Stupid,WOULD SURVIVE IN WOODS WITH JUST A HATCHET
1,Drunk/ Stoned/ Stupid,GOES MISSING WITHIN 15 MINUTES OF GOING OUT
1,Drunk/ Stoned/ Stupid,HAS QUESTIONABLE HYGIENE
1,Drunk/ Stoned/ Stupid,BRINGS A TACO 12 PACK TO A PARTY
1,Drunk/ Stoned/ Stupid,ALWAYS MAKES THE EXECUTIVE DECISION
1,Drunk/ Stoned/ Stupid,STALKS ON FACEBOOK
1,Drunk/ Stoned/ Stupid,ASKS QUESTIONS THROUGH THE ENTIRE F*CKING MOVIE
1,Drunk/ Stoned/ Stupid,GETS TRAPPED BY A REVOLVING DOOR
1,Drunk/ Stoned/ Stupid,IS COMPLETELY SHOCKED BY EVERY FACT YOU TELL THEM
1,Drunk/ Stoned/ Stupid,COULD NETWORK AT A FUNERAL
1,Drunk/ Stoned/ Stupid,IS ALWAYS REALLY COLD
1,Drunk/ Stoned/ Stupid,INCAPABLE OF BEING ON TIME
1,Drunk/ Stoned/ Stupid,IS A BASIC B*ITCH
1,Drunk/ Stoned/ Stupid,BRAGS ABOUT NOT USING A CHASER
1,Drunk/ Stoned/ Stupid,BUILDS A FORT AND SLEEPS IN IT FOR A WEEK
1,Drunk/ Stoned/ Stupid,HAS A HEART TO HEART WITH A HOMELESS GUY
1,Drunk/ Stoned/ Stupid,FINISHES EVERY DRINK THEY GET AT A PARTY
1,Drunk/ Stoned/ Stupid,APOLOGIZES FOR EVERYTHING THEY HAVE EVER DONE
1,Drunk/ Stoned/ Stupid,HAS SKETCHY FRIENDS
1,Drunk/ Stoned/ Stupid,HAS SEX IN PUBLIC
1,Drunk/ Stoned/ Stupid,HOOKS UP WITH A MOM OR DAD
1,Drunk/ Stoned/ Stupid,INTERPRETS EVERYTHING AS FLIRTING
1,Drunk/ Stoned/ Stupid,CAREFULLY CONSTRUCTS SOCIAL MEDIA IMAGE
1,Drunk/ Stoned/ Stupid,WHO'S MOST LIKELY TO JOIN AN MLM/PYRAMID SCHEME
1,Drunk/ Stoned/ Stupid,THE FURRY
1,Drunk/ Stoned/ Stupid,THE WEEABOO
1,Drunk/ Stoned/ Stupid,WOULD TRY BDSM
1,Drunk/ Stoned/ Stupid,WOULD BLOW A GUY FOR 20 DOLLARS
1,Drunk/ Stoned/ Stupid,WOULD END UP HOMELESS
1,Drunk/ Stoned/ Stupid,WHO WOULD SLEEP WITH HITLER
1,Drunk/ Stoned/ Stupid,WHO WOULD SHOVE A WHOLE BAG OF JELLY BEANS UP THEIR ASS
1,Drunk/ Stoned/ Stupid,WHO WOULD SELL THEIR FIRST BORN CHILD TO SATAN
1,Drunk/ Stoned/ Stupid,WHO WOULD BECOME IMMORTAL
1,Drunk/ Stoned/ Stupid,MONSTER ****ER
1,Drunk/ Stoned/ Stupid,DUM DUM
1,Drunk/ Stoned/ Stupid,DUMB A$$
1,Drunk/ Stoned/ Stupid,WHO HAS A ROBLOX GIRLFRIEND
1,Drunk/ Stoned/ Stupid,WHO HERE WOULD CATFISH
1,Drunk/ Stoned/ Stupid,HATE THE LEAST
1,Drunk/ Stoned/ Stupid,HATE THE MOST
1,Drunk/ Stoned/ Stupid,WOULD SLEEP WITH
1,Drunk/ Stoned/ Stupid,BECOME AN ALCOHOLIC IN THE FUTURE
1,Drunk/ Stoned/ Stupid,WHO WOULD SNORT COCONUT
1,Drunk/ Stoned/ Stupid,MOST LIKELY TO BECOME DOCTOR A IN THE FUTURE
1,Drunk/ Stoned/ Stupid,WHO MOTHER IS A HOE
1,Drunk/ Stoned/ Stupid,ALWAYS WANTS TO LIGHT SHIT ON FIRE
1,Drunk/ Stoned/ Stupid,MOST LIKELY TO BECOME A CRIMINAL IN THE FUTURE
1,Drunk/ Stoned/ Stupid,MOST LIKELY TO BECOME A STONER IN THE FUTURE
1,Drunk/ Stoned/ Stupid,THE STUPID FRIEND
1,Drunk/ Stoned/ Stupid,THE MOM FRIEND
1,Drunk/ Stoned/ Stupid,MAKES DAD JOKES
1,Drunk/ Stoned/ Stupid,MOST LIKELY TO JUMP OFF A CLIFF
1,Drunk/ Stoned/ Stupid,MOST LIKELY TO PISS OFF A COP
1,Drunk/ Stoned/ Stupid,RISK THERE LIFE FOR AN EPIC SELFIE
1,Drunk/ Stoned/ Stupid,MOST LIKELY TO BECOME A STRIPPER IN THE FUTURE
1,Drunk/ Stoned/ Stupid,HAS NO IDEA WHAT'S GOING ON
1,Drunk/ Stoned/ Stupid,IS A TOTAL LIGHTWEIGHT
1,Drunk/ Stoned/ Stupid,JUST WANTS TO CUDDLE
1,Drunk/ Stoned/ Stupid,GIGGLES AT EVERYTHING
1,Drunk/ Stoned/ Stupid,HAS NEVER LOOKED AT PORN
1,Drunk/ Stoned/ Stupid,VOLUNTEERS TO RIDE IN THE TRUCK OF THE CAR
1,Drunk/ Stoned/ Stupid,DRIVE 3+ HOURS TO IN HOPES OF HOOKING UP
1,Drunk/ Stoned/ Stupid,USES DUDE AS BOTH A STATEMENT AND A QUESTION
1,Drunk/ Stoned/ Stupid,STILL BELIEVES IN SANTA
1,Drunk/ Stoned/ Stupid,STILL BELIEVES IN SATAN
1,Drunk/ Stoned/ Stupid,ISN'T SURE THIS IS A GOOD IDEA
1,Drunk/ Stoned/ Stupid,SHOULD HAVE BEEN AMISH
1,Drunk/ Stoned/ Stupid,F**KING LOVES CHRISTMAS
1,Drunk/ Stoned/ Stupid,HAS OLD PERSON TENDENCIES
1,Drunk/ Stoned/ Stupid,STILL PLAYS THE PENIS GAME
1,Drunk/ Stoned/ Stupid,LOOSE THEIR KEYS WHILE DRIVING
1,Drunk/ Stoned/ Stupid,HAS BURST OF COMPULSIVE CLEANING
1,Drunk/ Stoned/ Stupid,GETS POLITICAL
1,Drunk/ Stoned/ Stupid,GETS EMOTIONAL
1,Drunk/ Stoned/ Stupid,HAS AN EXCUSE FOR EVERYTHING
1,Drunk/ Stoned/ Stupid,IS A TOTAL FLIRT
1,Drunk/ Stoned/ Stupid,PROBABLY OWNS A SEX TOY
1,Drunk/ Stoned/ Stupid,PROBABLY OWNS A SEX DUNGEON
1,Drunk/ Stoned/ Stupid,ALWAYS TELLS THE SAME DAMN STORY
1,Drunk/ Stoned/ Stupid,THINKS REALITY TV IS REAL
1,Drunk/ Stoned/ Stupid,OVERREACTS OVER EVERYTHING
1,Drunk/ Stoned/ Stupid,A TOTAL FAILURE
1,Drunk/ Stoned/ Stupid,KNOWS ALL 3 STAGES OF CHARMANDER'S EVOLUTION
1,Drunk/ Stoned/ Stupid,LAUGHS AT JOKES THEY DON'T GET
1,Drunk/ Stoned/ Stupid,CAN BE CONVINCED OF EVERYTHING
1,Drunk/ Stoned/ Stupid,GETS TOTALLY LOST BUT HAS A GREAT TIME
1,Drunk/ Stoned/ Stupid,HAS A TUMBLR ACCOUNT
1,Drunk/ Stoned/ Stupid,JUST NEEDS 5 MORE MINUTES
1,Drunk/ Stoned/ Stupid,WOULD TAKE THE LAST PARACHUTE
1,Drunk/ Stoned/ Stupid,WOULD TRAMPLE A KID ON BLACK FRIDAY
1,Drunk/ Stoned/ Stupid,WANTS TO BE EXCLUSIVE AFTER THE FIRST DATE
1,Drunk/ Stoned/ Stupid,WOULD MAKE A GREAT COUGAR
1,Drunk/ Stoned/ Stupid,GETS COUNTLESS BRUISES AND HAS NO IDEA WHY
1,Drunk/ Stoned/ Stupid,ALWAYS WANTS TO PLAY STUPID CARD GAMES
1,Drunk/ Stoned/ Stupid,CAN ONLY MAKE PLANS ONE DAY OUT
1,Drunk/ Stoned/ Stupid,JUST WANTS TO GO HOME
1,Drunk/ Stoned/ Stupid,THINKS THEY COULD TAKE THAT GUY
1,Drunk/ Stoned/ Stupid,WON'T STOP TALKING ABOUT THEIR RELATIONSHIP
1,Drunk/ Stoned/ Stupid,PEAKED IN HIGH SCHOOL
1,Drunk/ Stoned/ Stupid,WILL ARGUE WHICH WAY IS NORTH
1,Drunk/ Stoned/ Stupid,GIVES ZERO ****S
1,Drunk/ Stoned/ Stupid,MOST LIKELY TO HOOK UP AT A PARTY
1,Drunk/ Stoned/ Stupid,MOST LIKELY TO LEAVE THE PARTY FIRST
1,Drunk/ Stoned/ Stupid,MOST LIKELY TO STAY AT THE PARTY
1,Drunk/ Stoned/ Stupid,HAS THE BEST MUSIC TASTE
1,Drunk/ Stoned/ Stupid,BIGGEST LIABILITY
1,Drunk/ Stoned/ Stupid,MOST LIKELY TO DAMAGE AN AIRBNB
1,Drunk/ Stoned/ Stupid,MOST CHEESY
1,Drunk/ Stoned/ Stupid,HAS QUESTIONABLE MUSIC TASTE
1,Drunk/ Stoned/ Stupid,MOST LIKELY TO TALK ON THE TOILET
1,Drunk/ Stoned/ Stupid,MOST LIKELY TO SEND A NUDE
1,Drunk/ Stoned/ Stupid,MOST LIKELY TO MOVE BEDS AND MAKE HIS TWO FRIENDS (SAAD AND DAVID) FALL INTO THE FLOOR AND ONE FRIEND (DAVID) HAS TO SLEEP ON THE FLOOR
1,Drunk/ Stoned/ Stupid,MOST LIKELY TO KICK SOMEONE IN BED
1,Drunk/ Stoned/ Stupid,MOST LIKELY TO SLEEP TALK
1,Drunk/ Stoned/ Stupid,BIGGEST SCAREDY CAT
1,Drunk/ Stoned/ Stupid,WHO HERE IS GOOD WITH THEIR HANDS
1,Drunk/ Stoned/ Stupid,SPENDS THE MOST TIME AT THE BEACH IN THE SAND
1,Drunk/ Stoned/ Stupid,SPENDS THE MOST TIME AT THE BEACH IN THE WATER
1,Drunk/ Stoned/ Stupid,MOST LIKELY TO LOSE KEYS
1,Drunk/ Stoned/ Stupid,MOST LIKELY TO GET WITH A VISCO GIRL
1,Drunk/ Stoned/ Stupid,MOST PAINFUL PAST
1,Drunk/ Stoned/ Stupid,MOST PAINFUL PUNCH
1,Drunk/ Stoned/ Stupid,BEST SOCKS
1,Drunk/ Stoned/ Stupid,MOST HIPSTER
1,Drunk/ Stoned/ Stupid,MOST BASIC WHITE GIRL
1,Drunk/ Stoned/ Stupid,GETS PICKED UP THE MOST
1,Drunk/ Stoned/ Stupid,HITS ON THE MOST GUYS/GIRLS
1,Drunk/ Stoned/ Stupid,HAS LOW STANDARDS
1,Drunk/ Stoned/ Stupid,MOST AWKWARD
1,Drunk/ Stoned/ Stupid,MOST SMOOTH
1,Drunk/ Stoned/ Stupid,MOST DIRTY
1,Drunk/ Stoned/ Stupid,MOST EXPERIMENTAL IN BED
1,Drunk/ Stoned/ Stupid,EATS THE MOST CHICKEN WINGS
1,Drunk/ Stoned/ Stupid,EATS THE MOST NUGGETS
1,Drunk/ Stoned/ Stupid,EATS THE MOST
1,Drunk/ Stoned/ Stupid,EATS THE LEAST
1,Drunk/ Stoned/ Stupid,THE HYPE MAN
1,Drunk/ Stoned/ Stupid,MOST INNOCENT
1,Drunk/ Stoned/ Stupid,BIGGEST BITCH
1,Drunk/ Stoned/ Stupid,HAS THE MOST SHOES
1,Drunk/ Stoned/ Stupid,IS THE PICKIEST EATER
1,Drunk/ Stoned/ Stupid,PICKS AT SCABS
1,Drunk/ Stoned/ Stupid,BIGGEST SCAR
1,Drunk/ Stoned/ Stupid,WEIRDEST SCAR
1,Drunk/ Stoned/ Stupid,WEIRDEST BODY MARKING
1,Drunk/ Stoned/ Stupid,MOST LIKELY TO EAT FOOD OFF THE FLOOR
1,Drunk/ Stoned/ Stupid,SAY THEY'RE NOT DRUNK WHEN THEY ARE
1,Drunk/ Stoned/ Stupid,SPEAK WITH THEIR MOUTH FULL
1,Drunk/ Stoned/ Stupid,BEST HAIR
1,Drunk/ Stoned/ Stupid,HAS THE MOST DISTINCTIVE STYLE
1,Drunk/ Stoned/ Stupid,MOST LUCKY
1,Drunk/ Stoned/ Stupid,LEAVES THE MESSIEST MESS IN THE KITCHEN
1,Drunk/ Stoned/ Stupid,BEST DRUNK DANCER
1,Drunk/ Stoned/ Stupid,BEST HOUSEWIFE/HUSBAND/ SPOUSE
1,Drunk/ Stoned/ Stupid,MOST LIKELY NOT TO MAKE IT HOME AFTER A NIGHT OUT
1,Drunk/ Stoned/ Stupid,MOST LIKELY TO SUCCEED
1,Drunk/ Stoned/ Stupid,MOST LIKELY TO MOVE FROM AUSTRALIA
1,Drunk/ Stoned/ Stupid,MOST LIKELY TO BREAK A BONE NEXT
1,Drunk/ Stoned/ Stupid,MOST LIKELY TO SURVIVE A ZOMBIE APOCOLYPSE
1,Drunk/ Stoned/ Stupid,FIRST TO DIE IN A ZOMBIE APOCOLYPSE
1,Drunk/ Stoned/ Stupid,MOST LIKELY TO BE SCAMMED
1,Drunk/ Stoned/ Stupid,MOST LIKELY TO LOSE THEIR FRIENDS
1,Drunk/ Stoned/ Stupid,MOST LIKELY TO WEAR A HAT INDOORS
1,Drunk/ Stoned/ Stupid,MOST LIKELY TO BE A HEARTBREAKER
1,Drunk/ Stoned/ Stupid,MOST LIKELY TO BE HEART BROKEN
1,Drunk/ Stoned/ Stupid,MOST SENSITIVE ABOUT THEIR OUTFIT
1,Drunk/ Stoned/ Stupid,MOST LIKELY TO BE PLAYED
1,Drunk/ Stoned/ Stupid,MOST LIKELY TO BE A SPORT STAR IN THE FUTURE
1,Drunk/ Stoned/ Stupid,BEST ACTOR
1,Drunk/ Stoned/ Stupid,MOST LIKELY TO DRINK OUT OF A BOWL (LIKE A DOG)
1,Drunk/ Stoned/ Stupid,BEST SMILE
1,Drunk/ Stoned/ Stupid,FIRST TO MOVE OUT
1,Drunk/ Stoned/ Stupid,MOST LIKELY TO LOSE SOMETHING ON PUBLIC TRANSPORT
1,Drunk/ Stoned/ Stupid,MOST TICKLISH
1,Drunk/ Stoned/ Stupid,MOST SCARED OF HORROR MOVIES
1,Drunk/ Stoned/ Stupid,MOST LIKELY TO CRY IN A MOVIE
1,Drunk/ Stoned/ Stupid,MOST LIKELY TO SWITCH CAREERS
1,Drunk/ Stoned/ Stupid,MOST LIKELY TO EAT OUT OF A CUP
1,Drunk/ Stoned/ Stupid,BEST CUDDLE SPOONER
1,Drunk/ Stoned/ Stupid,JUMPS TO HIT THE DOOR'S TOP FRAME
1,Drunk/ Stoned/ Stupid,MOST STREET SMARTS
1,Drunk/ Stoned/ Stupid,MOST NAIVE
1,Drunk/ Stoned/ Stupid,MOST LIKELY TO BURN A HOUSE DOWN
1,Drunk/ Stoned/ Stupid,MOST LIKELY TO BE A VEGAN
1,Drunk/ Stoned/ Stupid,WOULD FAD DIET
1,Drunk/ Stoned/ Stupid,MOST LIKELY TO GET FOOD POISONING
1,Drunk/ Stoned/ Stupid,MOST LIKELY TO FALL DOWN THE STAIRS
1,Drunk/ Stoned/ Stupid,MOST BALLSY (TOUGH AND COURAGEOUS)
1,Drunk/ Stoned/ Stupid,BEST BUTT
1,Drunk/ Stoned/ Stupid,MOST BLIND WITHOUT GLASSES/CONTACTS
1,Drunk/ Stoned/ Stupid,BEST FACEBOOK STALKER
1,Drunk/ Stoned/ Stupid,FOODIE
1,Drunk/ Stoned/ Stupid,MOST DODGY (DISHONEST OR UNRELIABLE) COOK
1,Drunk/ Stoned/ Stupid,MOST DEHYDRATED
1,Drunk/ Stoned/ Stupid,BIGGEST BUZZKILL
1,Drunk/ Stoned/ Stupid,MOST LIKELY TO TURN INTO A MOM FRIEND WHEN DRUNK
1,Drunk/ Stoned/ Stupid,MOST LIKELY TO DRINK WHEN THEY SAID THEY WOULDNT
1,Drunk/ Stoned/ Stupid,WHO WOULD YOU TRUST WITH YOUR CREDIT CARD
1,Drunk/ Stoned/ Stupid,MOST LIKELY TO GET DRINKS FROM THE BAR
1,Drunk/ Stoned/ Stupid,MOST LIKELY TO WAKE UP WITH AN UNKNOWN BRUISE
1,Drunk/ Stoned/ Stupid,MOST FORGETFUL
1,Drunk/ Stoned/ Stupid,MOST LIKELY TO GET DUI
1,Drunk/ Stoned/ Stupid,GETS SICK ALL THE TIME
1,Drunk/ Stoned/ Stupid,MOST LIKELY TO SURVIVE WITHOUT INTERNET
1,Drunk/ Stoned/ Stupid,WOULDN'T SURVIVE WITHOUT THE INTERNET
1,Drunk/ Stoned/ Stupid,MOST LIKELY TO DROP SOMETHING IN THE TOILET
1,Drunk/ Stoned/ Stupid,EASIEST TO TACKLE
1,Drunk/ Stoned/ Stupid,USES THE MOST HAIR GEL
1,Drunk/ Stoned/ Stupid,MOST LIKELY TO USE THEIR PHONE WHEN DRIVING
1,Drunk/ Stoned/ Stupid,WHO'S HAS PHOTOS ON THEIR PHONE YOU'D LIKE TO SEE
1,Drunk/ Stoned/ Stupid,EASIEST PASSCODE
1,Drunk/ Stoned/ Stupid,KAROAKE HOGGER
1,Drunk/ Stoned/ Stupid,MOST LIKELY TO READ FANFIC
1,Drunk/ Stoned/ Stupid,MOST LIKELY TO READ YAOI FANFIC
1,Drunk/ Stoned/ Stupid,HAS WRITTEN FANFIC BEFORE
1,Drunk/ Stoned/ Stupid,BREAKS THE MOST THINGS
1,Drunk/ Stoned/ Stupid,DOESN'T PUT THE TOILET SEAT DOWN
1,Drunk/ Stoned/ Stupid,BIGGEST FANGIRL/FANBOY
1,Drunk/ Stoned/ Stupid,STILL WATCHES CARTOONS
1,Drunk/ Stoned/ Stupid,LISTENS TO MUSICAL SOUNDTRACKS
1,Drunk/ Stoned/ Stupid,MOST LIKELY TO GET KICKED OUT FROM A CLUB
1,Drunk/ Stoned/ Stupid,MOST LIKELY TO FALL ASLEEP AT A PARTY
1,Drunk/ Stoned/ Stupid,MOST LIKELY TO HAVE CUTE/CHILDISH BANDAIDS (HELLO KITTY/ PINK FLOWERS/ SPIDERMAN/ BATMAN)
1,Drunk/ Stoned/ Stupid,MOST LIKELY TO DROP THINGS
1,Drunk/ Stoned/ Stupid,MOST LIKELY TO LIE TO THEIR PARENTS
1,Drunk/ Stoned/ Stupid,PICK A PAIR: ONE WHO THINKS THEIR FASHION SENSE IS GOOD AND ONE WHO ACTUALLY HAS GOOD FASHION
1,Drunk/ Stoned/ Stupid,PICK A PAIR: WHO'S FINN AND WHO'S JAKE
1,Drunk/ Stoned/ Stupid,PICK A PAIR: THE IDIOT 1 AND IDIOT 2
1,Drunk/ Stoned/ Stupid,PICK A PAIR: HANDLE THEIR LIQUOR AND THE LIGHT WEIGHT
1,Drunk/ Stoned/ Stupid,PICK A PAIR: DOG PERSON AND CAT PERSON
1,Drunk/ Stoned/ Stupid,PICK A PAIR: TWO BROS SITTING IN A HOT TUB FIVE FEET APART BECAUSE THERE NOT GAY
1,Drunk/ Stoned/ Stupid,PICK A PAIR: OPTIMIST AND PESSIMIST
1,Drunk/ Stoned/ Stupid,PICK A PAIR: POLAR OPPOSITES
1,Drunk/ Stoned/ Stupid,PICK A PAIR: MURDER AND THE VICTIM
1,Drunk/ Stoned/ Stupid,PICK A PAIR: CHILD OF THE LORD AND THE SPAWN OF SATAN
1,Drunk/ Stoned/ Stupid,WHO HERE WOULD SNORT COCAINE
1,Drunk/ Stoned/ Stupid,WHO HERE HAS THE BEST ACCESS TO WEED
1,Drunk/ Stoned/ Stupid,WHO HERE WOULD TRY HEROINE
1,Drunk/ Stoned/ Stupid,WHO HERE WOULD TRY METH
1,Drunk/ Stoned/ Stupid,MOST LIKELY TO GET DIVORCED IN THE FUTURE
1,Drunk/ Stoned/ Stupid,COULD HOLD TO MOST LIQUID IN THEIR MOUTH
1,Drunk/ Stoned/ Stupid,MOST LIKELY TO START A YOUTUBE CHANNEL
1,Drunk/ Stoned/ Stupid,BIGGEST DICK ENERGY
1,Drunk/ Stoned/ Stupid,IS ALWAYS RIGHT
1,Drunk/ Stoned/ Stupid,DID WALK OF SHAME IN HALLOWEEN COSTUME
1,Drunk/ Stoned/ Stupid,IS A CRAFT BEER SNOB
1,Drunk/ Stoned/ Stupid,WILL BLOW LIFE SAVINGS ON SPACE TRAVEL
1,Drunk/ Stoned/ Stupid,HAS REVELATIONS ABOUT LIFE THAT LEAD TO BOUTS OF CRYING
1,Drunk/ Stoned/ Stupid,ALWAYS FALLS ASLEEP ON COUCH
1,Drunk/ Stoned/ Stupid,GOES TO TACO BELL SOBER
1,Drunk/ Stoned/ Stupid,ACTUALLY READS INSTRUCTIONS
1,Drunk/ Stoned/ Stupid,CAN'T HELP BUT CHEAT
1,Drunk/ Stoned/ Stupid,CHANGES SONG EVERY 30 SECONDS
1,Drunk/ Stoned/ Stupid,BUYS DINO NUGGETS
1,Drunk/ Stoned/ Stupid,CALLS DIBS ON PEOPLE AT PARTIES
1,Drunk/ Stoned/ Stupid,SHAME PEOPLE FOR GOING TO BED
1,Drunk/ Stoned/ Stupid,NOT EVEN COME TO YOUR FUNERAL
1,Drunk/ Stoned/ Stupid,IS A TOTAL BRAND WH*RE
1,Drunk/ Stoned/ Stupid,MAKES THEIR BED BEFORE GOING OUT JUST IN CASE
1,Drunk/ Stoned/ Stupid,WATCH PLANET EARTH FOR FIVE HOURS
1,Drunk/ Stoned/ Stupid,LOSES THEIR PANTS
1,Drunk/ Stoned/ Stupid,USES DADDY'S CREDIT CARD
2,The Voting Game,Who will show up to their high school reunion in a Lamborghini rental?
2,The Voting Game,Who's google search history would you like to see most? (If someone gets more than half the votes/ show their history)
2,The Voting Game,Who would be your one phone call if you got arrested?
2,The Voting Game,Who peaked in high school?
2,The Voting Game,Who has a Costco size pack of expired condoms?
2,The Voting Game,Who lost their virginity at the youngest age?
2,The Voting Game,Who's the loudest in the bedroom?
2,The Voting Game,Who would send a nude picture to someone they met online?
2,The Voting Game,Who would drink their own urine for least amount of money?
2,The Voting Game,Who's most recent phone picture would you like to see the most? (If someone gets over half votes they need to show the group)
2,The Voting Game,Who has seen the most people in this room nude?
2,The Voting Game,Who's the biggest lightweight?
2,The Voting Game,Who's the first in line to go to hell?
2,The Voting Game,Who spends the most time self grooming?
2,The Voting Game,Who would have made a good nazi?
2,The Voting Game,Who would most likely to be arrested?
2,The Voting Game,Who pees in the pool every time?
2,The Voting Game,Who has sex dreams involving animals?
2,The Voting Game,Who has contributed to bathroom stall graffiti?
2,The Voting Game,Who's sex life would get the most views if it were posted on amateur porn sites?
2,The Voting Game,Who's most likely to have used something as a sex toy that is normally reserved for eating?
2,The Voting Game,Whose real name would make the best porn star name?
2,The Voting Game,Who will be having the most sex in the retirement home?
2,The Voting Game,Who is the most turned on by 2 dogs humping in the park?
2,The Voting Game,Who secretly has a boy toy?
2,The Voting Game,Whose kids would need the most therapy?
2,The Voting Game,Who will be the first to get married?
2,The Voting Game,Who would send you a picture of their poop?
2,The Voting Game,Who has changed the most since primary school?
2,The Voting Game,Whose last photo on their phone is a selfie?
2,The Voting Game,Who will still be an ******* in 10 years?
2,The Voting Game,Whose funeral will be attended by the most people?
2,The Voting Game,Who wins the gold medal for cockblocking?
2,The Voting Game,Who would have the most fun going to a club alone?
2,The Voting Game,Who would secretly get a body tattoo/piercing?
2,The Voting Game,Who would stay inside and watch a netflix series until its over?
2,The Voting Game,Whom has a dirty secret that they have never told?
2,The Voting Game,Who's most likely to have a threesome?
2,The Voting Game,Who's most likely to be cat called?
2,The Voting Game,Who's most likely to use tinder?
2,The Voting Game,Who's most likely to marry their high school crush?
2,The Voting Game,Who's most likely to go to jail?
2,The Voting Game,Who's most likely to accept a booty call?
2,The Voting Game,Who's most likely to sleep with someone opposite of their preferred gender?
2,The Voting Game,Who's most likely to become famous?
2,The Voting Game,Who's most likely to have the most kids?
2,The Voting Game,Who's most likely to have the wettest DMs?
2,The Voting Game,Who's most likely to have a sugar daddy/mummy?
2,The Voting Game,Who's most likely to wake up in a strangers bed?
2,The Voting Game,Who's most likely to be black out drunk at a club?
2,The Voting Game,Who's most likely to sleep with their friends boyfriend/girlfriend?
2,The Voting Game,Who's most likely to sleep with their friend's parents?
2,The Voting Game,Who's most likely to get a divorce?
2,The Voting Game,Who's most likely to get drunk and married in Vegas?
2,The Voting Game,Who's most likely to have the longest high school relationship?
2,The Voting Game,Who's most likely to become a stripped?
2,The Voting Game,Who's most likely to become a soccer mum/dad?
2,The Voting Game,Who is the cutest potential couple in the group? (pick 2 cards)
2,The Voting Game,Who's most likely to cheat?
2,The Voting Game,Who's most likely to be cheated on?
2,The Voting Game,Who's most likely going to make the most money over their lifetime?
2,The Voting Game,Who's most likely to get a job as an exotic dancer?
2,The Voting Game,Who's most likely to have a 50th wedding anniversary?
2,The Voting Game,Who's most likely to win the lottery?
2,The Voting Game,Who's most likely to receive a liver transplant?
2,The Voting Game,Who's most likely to end up in prison for a white collar crime?
2,The Voting Game,Who's most likely to travel to another country and return with a bride/groom?
2,The Voting Game,Who's most likely to soil their underwear in their sleep?
2,The Voting Game,Who's most likely to be thrown out of an establishment for being too loud?
2,The Voting Game,Who's most likely to get kissed within the next 24 hours?
2,The Voting Game,Who's most likely to be caught watching porn?
2,The Voting Game,Who's most likely to like a person of the same sex?
2,The Voting Game,Who's most likely to marry rich?
2,The Voting Game,Who's most likely to be president?
2,The Voting Game,Who's most likely to end up homeless?
2,The Voting Game,Who's most likely to be 2 hours late for their first day of work?
2,The Voting Game,Who's most likely to regift presents?
2,The Voting Game,Who's most likely to have multiple side-hoes?
2,The Voting Game,Who's most likely to laugh when they hear the number 69?
2,The Voting Game,Who's most likely to meet their spouse on a dating app?
2,The Voting Game,Who's most likely to stalk people on social media?
2,The Voting Game,Who is the laziest of them all?
2,The Voting Game,Who is the least likely to be wearing underwear at the moment?
2,The Voting Game,Who's most likely to have a secret crush on someone else in this room?
2,The Voting Game,Who's most likely to stop at every mirror and check themselves out?
2,The Voting Game,Who's most likely to burn down their house for insurance money?
2,The Voting Game,Who's most likely to be the best stripper?
2,The Voting Game,Who is the kinkiest?
2,The Voting Game,Who's most likely to start a prison gang?
2,The Voting Game,Who's most likely to impregnate or become pregnant after a one-night stand?
2,The Voting Game,Who's most likely to still be in the closet?
2,The Voting Game,Who would you rob a bank with?
2,The Voting Game,Who would I trust the least with a newborn baby?
2,The Voting Game,Who's most likely to get a tattoo while they are intoxicated?
2,The Voting Game,Who's most likely to contract 5 or more different STDs?
2,The Voting Game,Who's most likely to charm their way out of a ticket?
2,The Voting Game,Who's most likely to have the cutest children?
2,The Voting Game,Who's most likely to lose all their money after visiting a casino?
2,The Voting Game,Who's most likely to pull off No Shave November?
2,The Voting Game,Who's most likely to be fired for public indecency?
2,The Voting Game,Who is the most high maintenance individual?
2,The Voting Game,Who's most likely to arrive in an emergency room with something lodged in their derriere?
2,The Voting Game,Who's most likely to start a cult?
2,The Voting Game,Who's most likely to join a cult?
2,The Voting Game,Who's most likely to marry a person 10 or more years older?
2,The Voting Game,Who's most likely to be caught sexting?
2,The Voting Game,Who's most likely to not get the joke?
2,The Voting Game,Who has the nicest butt?
2,The Voting Game,Who has the nicest eyes?
2,The Voting Game,Who has the nicest personality?
2,The Voting Game,Who is the funniest?
2,The Voting Game,Who's most likely to bail you out of jail?
2,The Voting Game,Who's most likely to go to a nude beach?
2,The Voting Game,Who's most likely to become a high school teacher?
2,The Voting Game,Who's most likely to own a giant tech company?
2,The Voting Game,Who's most likely to be a famous singer/dancer?
2,The Voting Game,Who is the pickiest eater?
2,The Voting Game,Who would vote Kanye for president?
2,The Voting Game,Who is the best to bring home to your family?
2,The Voting Game,Who's most likely to catch feelings the fastest?
2,The Voting Game,Who's most likely to become a nun or priest?
2,The Voting Game,Who's most likely to work fast food for life?
2,The Voting Game,Who is the most trustworthy?
2,The Voting Game,Who's most likely to become a prostitute?
2,The Voting Game,Who's most likely to go to the Olympics?
2,The Voting Game,Who is the most stubborn?
2,The Voting Game,Who is the biggest player?
2,The Voting Game,Who's most likely to play w/ boys emotions?
2,The Voting Game,Who's most likely to be the first to have children?
2,The Voting Game,Who's most likely to move to another country?
2,The Voting Game,Who's most likely to give birth twice in one year?
2,The Voting Game,Who is Jesus' best friend?
2,The Voting Game,Who's most likely to change genders?
2,The Voting Game,Who's most likely to die first?
2,The Voting Game,Who's most likely to disappear for 24 hrs?
2,The Voting Game,Who's most likely to ditch the crew for a significant other?
2,The Voting Game,Who's most likely to get kicked out of a bar?
2,The Voting Game,Who is the cutest in the room?
2,The Voting Game,Everyone here is a drug dealer. Who goes out of business fist because they use too much of their own product?
2,The Voting Game,Who is least likely to be wearing underwear right now?
2,The Voting Game,Who thinks they have the nicest butt in the room right now?
2,The Voting Game,Who's most likely to die alone?
2,The Voting Game,Who's most likely to break bad and start a meth empire?
2,The Voting Game,Whose life would make the best movie?
2,The Voting Game,Who would die first in a zombie apocalypse?
2,The Voting Game,Who's most likely to work as an engineer at NASA?
2,The Voting Game,Who's most likely to hook up with a rando?
2,The Voting Game,Who's most likely to become rich when they grows up?
2,The Voting Game,Who's most likely to marry a rock star?
2,The Voting Game,Who's most likely to be jailed for assault?
2,The Voting Game,Who's most likely to become president someday?
2,The Voting Game,Who's most likely to have sex most often?
2,The Voting Game,Who's most likely to hook up at one of our weddings?
2,The Voting Game,Who's most likely to sleep through an earth quake?
2,The Voting Game,Who's most likely to go skinny dipping in public?
2,The Voting Game,Who's most likely to get in a physical fight?
2,The Voting Game,Who's most likely to flirt with a waiter or cashier?
2,The Voting Game,Who's most likely to commit a felony?
2,The Voting Game,Who's most likely to buy a sex doll?
2,The Voting Game,Who's most likely to catch feelings after a one night stand?
2,The Voting Game,Who's most likely to catfish someone on the internet?
2,The Voting Game,Who's most likely to fall in love with their teacher in college?
2,The Voting Game,Who's most likely to get arrested on vacation by the local police?
2,The Voting Game,Who's most likely to have a secret identity?
2,The Voting Game,Who's most likely to have a secret lover?
2,The Voting Game,Who's most likely to join the mile-high club?
2,The Voting Game,Who's most likely to accidentally set the house on fire?
2,The Voting Game,Who's most likely to act in a porn flick?
2,The Voting Game,Who's most likely to appear on a reality show?
2,The Voting Game,Who's most likely to be horny at a funeral?
2,The Voting Game,Who's most likely to become an environmental advocate?
2,The Voting Game,Who's most likely to get a tramp stamp?
2,The Voting Game,Who's most likely to become an underwear model?
2,The Voting Game,Who's most likely to win a strip competition?
2,The Voting Game,Who's most likely to fall asleep during a hookup?
2,The Voting Game,Who's most likely to marry a celebrity?
2,The Voting Game,Who's most likely to be a stand-up comedian?
2,The Voting Game,Who's most likely to break some world record?
2,The Voting Game,Who's most likely to kill someone accidentally?
2,The Voting Game,Who's most likely to win an Oscar Award?
2,The Voting Game,Who's most likely to assassinate the president?
2,The Voting Game,Who's most likely to be a heartbreaker?
2,The Voting Game,Who's most likely to be convicted of grand theft?
2,The Voting Game,Who's most likely to become a gold digger?
2,The Voting Game,Who's most likely to eat dog food?
2,The Voting Game,Who's most likely to borrow something with every intention of keeping it?
2,The Voting Game,Ten years from now/ you all end up becoming neighbors on the same street. Who has to go door-to-door to notify everyone they have become a registered sex offender?
2,The Voting Game,It's your first day of college and you are moving into your new dorm. Who would you least want to nd as your dorm roommate?
2,The Voting Game,Who's most likely to steal one of your jokes?
2,The Voting Game,Who would Like their own Facebook status?
2,The Voting Game,Who's most likely to get caught trying to join the mile high club?
2,The Voting Game,Who has the nicest teeth?
2,The Voting Game,Who would make a great cougar?
2,The Voting Game,Who would have sex with themselves if they could?
2,The Voting Game,Who's most likely to be the most liked person?
2,The Voting Game,Who's most likely to shoot someone?
2,The Voting Game,Who's most likely to have plastic surgery?
2,The Voting Game,Who's most likely to be a perfect kisser?
2,The Voting Game,Who's most likely to become a terrorist?
2,The Voting Game,Who's most likely to crash their ex's wedding?
2,The Voting Game,Who's most likely to have their nudes leaked?
2,The Voting Game,Who's most likely to start their own business?
2,The Voting Game,Who's most likely to have/get a stalker?
2,The Voting Game,Who's most likely to send a dirty text to the wrong person?
2,The Voting Game,Who's most likely to cry during sex?
2,The Voting Game,Who's most likely to visit a strip club?
2,The Voting Game,Who's most likely to have sex with a person whose name they didn't know?
2,The Voting Game,Who's most likely to get with someone who's engaged?
2,The Voting Game,Who would look best as the opposite gender?
2,The Voting Game,Who would throw a birthday party for their pets?
2,The Voting Game,Who would succeed at talking their way out of a ticket?
2,The Voting Game,Who's most likely to fail their driving test at least 3 times?
2,The Voting Game,Who was the oldest when they stopped believing in Santa Claus?
2,The Voting Game,Who has a secret crush on someone in the room?
2,The Voting Game,Who would be the first picked for a threesome?
2,The Voting Game,Who has left the most comments of porn videos?
2,The Voting Game,Who would have owned the most slaves if they were alive in the 1800s?
2,The Voting Game,Who would be the worst phone sex operator?
2,The Voting Game,If we were all in prison/ who would become someone's bitch?
2,The Voting Game,Who would be the easiest to kidnap?
2,The Voting Game,Who would be the worst motivational speaker?
2,The Voting Game,Who would be the least interest in playing spin the bottle right now?
2,The Voting Game,Whose life would you most like to live?
2,The Voting Game,Who's most likely to go bald?
2,The Voting Game,Who's most likely to get pissed on for sexual reasons?
3,Never Have I Ever,Never have I ever cheated on a partner.
3,Never Have I Ever,Never have I ever gone skinny dipping.
3,Never Have I Ever,Never have I ever faked sick from work.
3,Never Have I Ever,Never have I ever cheated on a test.
3,Never Have I Ever,Never have I ever marched in a protest.
3,Never Have I Ever,Never have I ever overdrafted my bank account.
3,Never Have I Ever,Never have I ever eaten someone else’s lunch from the office fridge.
3,Never Have I Ever,Never have I ever played strip poker.
3,Never Have I Ever,Never have I ever smoked a joint.
3,Never Have I Ever,Never have I ever peed in a pool.
3,Never Have I Ever,Never have I ever tried hard drugs.
3,Never Have I Ever,Never have I ever fallen asleep in public.
3,Never Have I Ever,Never have I ever fallen asleep at work.
3,Never Have I Ever,Never have I ever lied on my resume.
3,Never Have I Ever,Never have I ever drunk-dialed my ex.
3,Never Have I Ever,Never have I ever dropped acid.
3,Never Have I Ever,Never have I ever had a one-night stand.
3,Never Have I Ever,Never have I ever read a partner’s text messages.
3,Never Have I Ever,Never have I ever read a partner’s emails.
3,Never Have I Ever,Never have I ever been hospitalized for something other than giving birth or being born.
3,Never Have I Ever,Never have I ever sang in public.
3,Never Have I Ever,Never have I ever played a musical instrument.
3,Never Have I Ever,Never have I ever gone snowboarding.
3,Never Have I Ever,Never have I ever gone skiing.
3,Never Have I Ever,Never have I ever traveled to a foreign country.
3,Never Have I Ever,Never have I ever learned a foreign language.
3,Never Have I Ever,Never have I ever sent a stranger a drink.
3,Never Have I Ever,Never have I ever accepted a drink from a stranger.
3,Never Have I Ever,Never have I ever lied about my income.
3,Never Have I Ever,Never have I ever gotten busy in a public place.
3,Never Have I Ever,Never have I ever been nude in public.
3,Never Have I Ever,Never have I ever dated or hooked up with someone 10 years older.
3,Never Have I Ever,Never have I ever dated or hooked up with someone 5 years younger.
3,Never Have I Ever,Never have I ever texted or taken a call at the movies.
3,Never Have I Ever,Never have I ever convinced a friend to dump a partner.
3,Never Have I Ever,Never have I ever convinced a partner to dump a friend.
3,Never Have I Ever,Never have I ever been someone else’s alibi.
3,Never Have I Ever,Never have I ever hopped a turnstile.
3,Never Have I Ever,Never have I ever snitched on someone else at work.
3,Never Have I Ever,Never have I ever donated an organ.
3,Never Have I Ever,Never have I ever lied to a law enforcement officer.
3,Never Have I Ever,Never have I ever been a maid of honor.
3,Never Have I Ever,Never have I ever been a best man.
3,Never Have I Ever,Never have I ever called a partner the wrong name.
3,Never Have I Ever,Never have I ever thought a friend’s baby was ugly.
3,Never Have I Ever,Never have I ever won more than $50 gambling.
3,Never Have I Ever,Never have I ever lost more than $50 gambling.
3,Never Have I Ever,Never have I ever gone vegan.
3,Never Have I Ever,Never have I ever used a fake ID.
3,Never Have I Ever,Never have I ever lied about my age.
3,Never Have I Ever,Never have I ever had a lucid dream.
3,Never Have I Ever,Never have I ever campaigned for a political candidate.
3,Never Have I Ever,Never have I ever had chicken pox.
3,Never Have I Ever,Never have I ever flashed someone.
3,Never Have I Ever,Never have I ever mooned someone.
3,Never Have I Ever,Never have I ever lied to my best friend.
3,Never Have I Ever,Never have I ever had a road rage incident.
3,Never Have I Ever,Never have I ever cut in line on purpose.
3,Never Have I Ever,Never have I ever held a grudge longer than a year.
3,Never Have I Ever,Never have I ever blabbed something I swore to secrecy.
3,Never Have I Ever,Never have I ever ruined someone else’s vacation.
3,Never Have I Ever,Never have I ever chipped a tooth.
3,Never Have I Ever,Never have I ever tried a fad diet.
3,Never Have I Ever,Never have I ever cut my own hair.
3,Never Have I Ever,Never have I ever been awake for 24 straight hours or more.
3,Never Have I Ever,Never have I ever accidentally said “I love you” to someone.
3,Never Have I Ever,Never have I ever cried or flirted my way out of a ticket.
3,Never Have I Ever,Never have I ever snooped through a friend’s room/ cabinets or property.
3,Never Have I Ever,Never have I ever gotten busy in a car.
3,Never Have I Ever,Never have I ever worked with someone I couldn’t stand.
3,Never Have I Ever,Never have I ever had a friend with benefits.
3,Never Have I Ever,Never have I ever eaten food that broke the five-second rule.
3,Never Have I Ever,Never have I ever spent an entire day watching reality TV.
3,Never Have I Ever,Never have I ever sent nudes.
3,Never Have I Ever,Never have I ever received nudes.
3,Never Have I Ever,Never have I ever blamed a fart on a pet.
3,Never Have I Ever,Never have I ever thought a cartoon character was hot.
3,Never Have I Ever,Never have I ever Googled someone before a date.
3,Never Have I Ever,Never have I ever re-gifted something.
3,Never Have I Ever,Never have I ever crashed a party or wedding.
3,Never Have I Ever,Never have I ever dated a musician.
3,Never Have I Ever,Never have I ever been on a blind date.
3,Never Have I Ever,Never have I ever gotten or given a hickey.
3,Never Have I Ever,Never have I ever gotten a bedroom-related injury.
3,Never Have I Ever,Never have I ever tried moonshine.
3,Never Have I Ever,Never have I ever seen someone die.
3,Never Have I Ever,Never have I ever had a wardrobe malfunction.
3,Never Have I Ever,Never have I ever run for my life.
3,Never Have I Ever,Never have I ever been in a talent show.
3,Never Have I Ever,Never have I ever gotten stitches.
3,Never Have I Ever,Never have I ever tried to make an ex jealous.
3,Never Have I Ever,Never have I ever driven a stick shift.
3,Never Have I Ever,Never have I ever set something on fire while cooking.
3,Never Have I Ever,Never have I ever set a friend up on a date.
3,Never Have I Ever,Never have I ever started a hashtag.
3,Never Have I Ever,Never have I ever paid for adult content.
3,Never Have I Ever,Never have I ever been scuba diving.
3,Never Have I Ever,Never have I ever hooked up with someone of the same sex or gender.
3,Never Have I Ever,Never have I ever done a “drive-by” of an ex or crush’s house.
3,Never Have I Ever,Never have I ever danced in the rain.
3,Never Have I Ever,Never have I ever danced on a table.
3,Never Have I Ever,Never have I ever joined the mile-high club.
3,Never Have I Ever,Never have I ever slept in my car.
3,Never Have I Ever,Never have I ever been on TV.
3,Never Have I Ever,Never have I ever had frostbite.
3,Never Have I Ever,Never have I ever had a blistering sunburn.
3,Never Have I Ever,Never have I ever gotten sick on a date.
3,Never Have I Ever,Never have I ever had food poisoning.
3,Never Have I Ever,Never have I ever purposely given someone bad advice.
3,Never Have I Ever,Never have I ever heckled a live performance.
3,Never Have I Ever,Never have I ever had surgery.
3,Never Have I Ever,Never have I ever hit a parked car.
3,Never Have I Ever,Never have I ever thrown someone else a surprise party.
3,Never Have I Ever,Never have I ever had a surprise party thrown for me.
3,Never Have I Ever,Never have I ever adjusted myself in public.
3,Never Have I Ever,Never have I ever gone commando.
3,Never Have I Ever,Never have I ever worn a wig or extensions.
3,Never Have I Ever,Never have I ever dressed in drag.
3,Never Have I Ever,Never have I ever been dumpster diving.
3,Never Have I Ever,Never have I ever broken a bone.
3,Never Have I Ever,Never have I ever returned something after I wore it.
3,Never Have I Ever,Never have I ever peed my pants as an adult.
3,Never Have I Ever,Never have I ever slid into a stranger’s DMs.
3,Never Have I Ever,Never have I ever slid into an ex’s DMs.
3,Never Have I Ever,Never have I ever been in a helicopter.
3,Never Have I Ever,Never have I ever lost my shoes during a night out.
3,Never Have I Ever,Never have I ever had surgery.
3,Never Have I Ever,Never have I ever parked in a handicap spot.
3,Never Have I Ever,Never have I ever flirted with a married person.
3,Never Have I Ever,Never have I ever second-guessed a relationship.
3,Never Have I Ever,Never have I ever had braces.
3,Never Have I Ever,Never have I ever had a cavity.
3,Never Have I Ever,Never have I ever hitchhiked.
3,Never Have I Ever,Never have I ever picked up a hitchhiker.
3,Never Have I Ever,Never have I ever changed a tire.
3,Never Have I Ever,Never have I ever lied about my relationship status.
3,Never Have I Ever,Never have I ever lied on a dating profile.
3,Never Have I Ever,Never have I ever gotten seasick.
3,Never Have I Ever,Never have I ever had a broken heart.
3,Never Have I Ever,Never have I ever broken someone else’s heart.
3,Never Have I Ever,Never have I ever fallen in love.
3,Never Have I Ever,Never have I ever fallen in love at first sight.
3,Never Have I Ever,Never have I ever sneezed on a stranger.
3,Never Have I Ever,Never have I ever thrown up in public.
3,Never Have I Ever,Never have I ever wished I had kids.
3,Never Have I Ever,Never have I ever wished I didn’t have kids.
3,Never Have I Ever,Never have I ever seen something creepy while using public transportation.
3,Never Have I Ever,Never have I ever sexted an ex.
3,Never Have I Ever,Never have I ever sent a sext to the wrong person.
3,Never Have I Ever,Never have I ever gotten gum in my hair.
3,Never Have I Ever,Never have I ever walked in on my parents.
3,Never Have I Ever,Never have I ever eaten an entire pizza alone.
3,Never Have I Ever,Never have I ever eaten an entire pack of Oreos in one sitting.
3,Never Have I Ever,Never have I ever drank an entire bottle of wine.
3,Never Have I Ever,Never have I ever witnessed a crime.
3,Never Have I Ever,Never have I ever ridden a horse.
3,Never Have I Ever,Never have I ever fainted.
3,Never Have I Ever,Never have I ever clogged a toilet.
3,Never Have I Ever,Never have I ever been camping.
3,Never Have I Ever,Never have I ever donated blood.
3,Never Have I Ever,Never have I ever gotten in a physical fight.
3,Never Have I Ever,Never have I ever lurked my partner’s ex on social media.
3,Never Have I Ever,Never have I ever snuck into a movie.
3,Never Have I Ever,Never have I ever filmed an intimate moment.
3,Never Have I Ever,Never have I ever fired a gun.
3,Never Have I Ever,Never have I ever dropped a baby.
3,Never Have I Ever,Never have I ever run a marathon.
3,Never Have I Ever,Never have I ever lied about who I voted for.
3,Never Have I Ever,Never have I ever shared a news story without reading past the headline.
3,Never Have I Ever,Never have I ever been fired from a job.
3,Never Have I Ever,Never have I ever fought with a partner in public.
3,Never Have I Ever,Never have I ever beaten a video game.
3,Never Have I Ever,Never have I ever flirted with a waiter or bartender.
3,Never Have I Ever,Never have I ever waited tables.
3,Never Have I Ever,Never have I ever worked retail.
3,Never Have I Ever,Never have I ever been blackout drunk.
3,Never Have I Ever,Never have I ever run a red light.
3,Never Have I Ever,Never have I ever been cheated on.
3,Never Have I Ever,Never have I ever been the subject of a rumor that wasn’t true.
3,Never Have I Ever,Never have I ever spread a rumor I knew wasn’t true.
3,Never Have I Ever,Never have I ever met a celebrity.
3,Never Have I Ever,Never have I ever tipped less than 10 percent.
3,Never Have I Ever,Never have I ever tipped more than 50 percent.
3,Never Have I Ever,Never have I ever cried at a party.
3,Never Have I Ever,Never have I ever cried at work.
3,Never Have I Ever,Never have I ever cried in public.
3,Never Have I Ever,Never have I ever used a gas station bathroom.
3,Never Have I Ever,Never have I ever gotten into a fender bender.
3,Never Have I Ever,Never have I ever gone to work hungover.
3,Never Have I Ever,Never have I ever cursed in front of an in-law.
3,Never Have I Ever,Never have I ever cursed at an in-law.
3,Never Have I Ever,Never have I ever worn white to a wedding.
3,Never Have I Ever,Never have I ever performed onstage.
3,Never Have I Ever,Never have I ever laughed at a funeral.
3,Never Have I Ever,Never have I ever given someone a fake phone number.
3,Never Have I Ever,Never have I ever left a mean YouTube comment.
3,Never Have I Ever,Never have I ever trolled a stranger online.
3,Never Have I Ever,Never have I ever been in a police car.
3,Never Have I Ever,Never have I ever danced on a pole.
3,Never Have I Ever,Never have I ever been to a strip club.
3,Never Have I Ever,Never have I ever watched a NASCAR race.
3,Never Have I Ever,Never have I ever been to a pro wrestling match.
3,Never Have I Ever,Never have I ever been to an MLB  game.
3,Never Have I Ever,Never have I ever been to an NBA or WNBA game.
3,Never Have I Ever,Never have I ever been to an NFL game.
3,Never Have I Ever,Never have I ever been to an NHL game.
3,Never Have I Ever,Never have I ever gone surfing.
3,Never Have I Ever,Never have I ever been on a cruise.
3,Never Have I Ever,Never have I ever tried bodybuilding.
3,Never Have I Ever,Never have I ever tried cross-fit.
3,Never Have I Ever,Never have I ever visited a nude beach.
3,Never Have I Ever,Never have I ever cursed in front a of a child.
3,Never Have I Ever,Never have I ever called the cops on someone else.
3,Never Have I Ever,Never have I ever shoplifted.
3,Never Have I Ever,Never have I ever gone bungee jumping.
3,Never Have I Ever,Never have I ever left a negative Yelp review.
3,Never Have I Ever,Never have I ever went more than three days without showering.
3,Never Have I Ever,Never have I ever went more than a day without brushing my teeth.
3,Never Have I Ever,Never have I ever read someone else’s mail.
3,Never Have I Ever,Never have I ever ghosted someone.
3,Never Have I Ever,Never have I ever been ghosted.
3,Never Have I Ever,Never have I ever blamed someone else for my mistake at work.
3,Never Have I Ever,Never have I ever taken credit for someone else’s work.
3,Never Have I Ever,Never have I ever hooked up with a friend’s sibling.
3,Never Have I Ever,Never have I ever hooked up with a sibling’s friend.
3,Never Have I Ever,Never have I ever hooked up with a friend’s ex.
3,Never Have I Ever,Never have I ever hooked up with an ex’s friend.
3,Never Have I Ever,Never have I ever had a black eye.
3,Never Have I Ever,Never have I ever lost my voice.
3,Never Have I Ever,Never have I ever given a eulogy.
3,Never Have I Ever,Never have I ever stolen something from my workplace.
3,Never Have I Ever,Never have I ever stagedived.
3,Never Have I Ever,Never have I ever been backstage at a concert.
3,Never Have I Ever,Never have I ever been arrested.
3,Never Have I Ever,Never have I ever been someone’s one phone call from jail.
3,Never Have I Ever,Never have I ever lied to my kids.
3,Never Have I Ever,Never have I ever lied to my parents.
3,Never Have I Ever,Never have I ever gone more than 20 mph over the speed limit.
3,Never Have I Ever,Never have I ever had a paranormal experience.
3,Never Have I Ever,Never have I ever gone skydiving.
3,Never Have I Ever,Never have I ever spent a night in jail.
3,Never Have I Ever,Never have I ever dined and ditched.
3,Never Have I Ever,Never have I ever lurked my ex on social media.
3,Never Have I Ever,Never have I ever lied on social media.
3,Never Have I Ever,Never have I ever eaten a ghost pepper.
3,Never Have I Ever,Never have I ever auditioned for a reality show.
3,Never Have I Ever,Never have I ever kissed a stranger.
3,Never Have I Ever,Never have I ever prank called someone.
3,Never Have I Ever,Never have I ever gone streaking.
3,Never Have I Ever,Never have I ever lied during this game!
4,Do or Drink,Publicly Venmo another player $0.01 with the caption 'Plan B';OR;Drink 3 times
4,Do or Drink,Put an ice cube in your mouth and transfer it into the mouth of the person to your right;OR;Both of you have to take two shots
4,Do or Drink,Freestyle: Let the group make up a challenge that you must do successfully;OR;Finish your drink
4,Do or Drink,Let someone record you fingering your belly button and moan like you're having an orgasm;OR;Finish your drink
4,Do or Drink,Call a random number and try to flirt with the person who picks up;OR;Drink 4 times
4,Do or Drink,Take a shot of hot sauce;OR;Take a shot of alc (if there is no hot sauce/ the host must finish their drink)
4,Do or Drink,Let the person next to you send an eggplant emoji to someone in your phone;OR;Finish your drink
4,Do or Drink,Lay on the ground and let someone pour a shot in your mouth;OR;Take two shots
4,Do or Drink,Open the door and yell at the top of your lungs/ 'I LOVE ANAL';OR;Take two shots
4,Do or Drink,Spin around 10 times then try to walk in a straight line;OR;Drink 3 times
4,Do or Drink,Go on a dating app and invite over the first person you match with;OR;Finish your drink
4,Do or Drink,Call a random restaurant and order a 'cockmeat' sandwich;OR;Drink 3 times
4,Do or Drink,Name at least 3 types of sex toys;OR;Drink 3 times
4,Do or Drink,Let the group go though your phone's photo gallery for 60 seconds;OR;Take a shot
4,Do or Drink,Turn your phone off for the rest of the game;OR;Finish your drink
4,Do or Drink,Do a trust fall into the arms of the person to your left;OR;Drink twice
4,Do or Drink,Pick someone to act out doggy style with;OR;Both of you take 3 drinks
4,Do or Drink,Put a tampon in each of your nostrils and leave them there until next turn;OR;Drink twice (if no one has tampons everyone drinks twice)
4,Do or Drink,Let the person to your left slap your face;OR;Drink 3 times
4,Do or Drink,Lick the floor and describe the taste like you are describing the taste of wine;OR;Drink 5 times
4,Do or Drink,Describe the most degrading thing you've ever done during sex;OR;Drink 3 times
4,Do or Drink,Say who in this room you'd most want to have sex with;OR;Drink twice
4,Do or Drink,Without laughing or breaking eye contact/ unzip the pants of someone in the group/ must take at least 10 seconds;OR;Both of you must drink 3 times
4,Do or Drink,Go shirtless for one round;OR;Finish your drink
4,Do or Drink,Place two ice cubes under each of your armpits and leave them there until they melt;OR;Drink twice
4,Do or Drink,Successfully freestyle rap about a topic that the person to your right chooses;OR;Drink 4 times
4,Do or Drink,Publicly Venmo another player $0.01 with the caption 'Plan B';OR;Drink 3 times
4,Do or Drink,Put an ice cube in your mouth and transfer it into the mouth of the person to your right;OR;Both of you have to take two shots
4,Do or Drink,Freestyle: Let the group make up a challenge that you must do successfully;OR;Finish your drink
4,Do or Drink,Let someone record you fingering your belly button and moan like you're having an orgasm;OR;Finish your drink
4,Do or Drink,Call a random number and try to flirt with the person who picks up;OR;Drink 4 times
4,Do or Drink,Take a shot of hot sauce;OR;Take a shot of alc (if there is no hot sauce/ the host must finish their drink)
4,Do or Drink,Let the person next to you send an eggplant emoji to someone in your phone;OR;Finish your drink
4,Do or Drink,Lay on the ground and let someone pour a shot in your mouth;OR;Take two shots
4,Do or Drink,Open the door and yell at the top of your lungs/ 'I LOVE ANAL';OR;Take two shots
4,Do or Drink,Spin around 10 times then try to walk in a straight line;OR;Drink 3 times
4,Do or Drink,Go on a dating app and invite over the first person you match with;OR;Finish your drink
4,Do or Drink,Call a random restaurant and order a 'cockmeat' sandwich;OR;Drink 3 times
4,Do or Drink,Name at least 3 types of sex toys;OR;Drink 3 times
4,Do or Drink,Let the group go though your phone's photo gallery for 60 seconds;OR;Take a shot
4,Do or Drink,Turn your phone off for the rest of the game;OR;Finish your drink
4,Do or Drink,Do a trust fall into the arms of the person to your left;OR;Drink twice
4,Do or Drink,Pick someone to act out doggy style with;OR;Both of you take 3 drinks
4,Do or Drink,Put a tampon in each of your nostrils and leave them there until next turn;OR;Drink twice (if no one has tampons everyone drinks twice)
4,Do or Drink,Let the person to your left slap your face;OR;Drink 3 times
4,Do or Drink,Lick the floor and describe the taste like you are describing the taste of wine;OR;Drink 5 times
4,Do or Drink,Describe the most degrading thing you've ever done during sex;OR;Drink 3 times
4,Do or Drink,Say who in this room you'd most want to have sex with;OR;Drink twice
4,Do or Drink,Without laughing or breaking eye contact/ unzip the pants of someone in the group/ must take at least 10 seconds;OR;Both of you must drink 3 times
4,Do or Drink,Go shirtless for one round;OR;Finish your drink
4,Do or Drink,Place two ice cubes under each of your armpits and leave them there until they melt;OR;Drink twice
4,Do or Drink,Successfully freestyle rap about a topic that the person to your right chooses;OR;Drink 4 times
4,Do or Drink,All couples (or roommates) must wheelbarrow race across the room/ winning couple is safe BUT;OR;All others must finish their drinks
4,Do or Drink,Show everyone your search history;OR;Take 2 drinks
4,Do or Drink,Say which couple in the group would have the ugliest kids;OR;Drink once
4,Do or Drink,Do 10 pushups successfully;OR;Drink 3 times
4,Do or Drink,Confess which player's mom you think is the hottest;OR;Drink 3 times
4,Do or Drink,Sexually suck on your finger while staring at the person across the room from you;OR;Drink 3 times
4,Do or Drink,Freestyle: Let the group make up a challenge that you must do successfully;OR;Finish your drink
4,Do or Drink,Freestyle: Let the group make up a challenge that you must do successfully;OR;Finish your drink
4,Do or Drink,Reveal to everyone every drug you have done;OR;Drink once
4,Do or Drink,Lick the neck of the person to your right;OR;Both of you must finish your drink
4,Do or Drink,Text a random phone number/ 'U up?';OR;Drink twice
4,Do or Drink,Use your feet to give the player to you left a sip of their drink without spilling;OR;Both of you must take 4 drinks
4,Do or Drink,Bark like a dog everytime someone talks to you until it's your turn again;OR;Finish your drink
4,Do or Drink,Send your partner/someone you've hu w a nude;OR;Take two shots
4,Do or Drink,Name at least three porn stars;OR;Drink 3 times
4,Do or Drink,Give the person to your right a back massage for at least 30 seconds;OR;Drink 4 times
4,Do or Drink,Show everyone all of your tattoos (regardless of where they are);OR;Finish your drink (if you don't have any tattoos then finish your drink)
4,Do or Drink,Let the person to your left pinch your nipples;OR;Drink 4 times
4,Do or Drink,Apply eyeliner with a black marker and blush with a red one;OR;Finish your drink
4,Do or Drink,Take off one article of clothing every time someone drinks for the next two rounds;OR;Every time you don't take off your clothes you have to take a shot
4,Do or Drink,Say which player is most likely to have a three some;OR;Take a drink
4,Do or Drink,Call your Mom or Dad and tell them you are very high right now;OR;Drink 4 times
4,Do or Drink,Eat a spoonful of whatever the person to your right chooses;OR;Finish your drink
4,Do or Drink,Send your Mom or Dad the 12th photo in your photo library;OR;Drink 4 times
4,Do or Drink,Send your mans the 100th photo in your photo library;OR;Drink 4 times
4,Do or Drink,Spin a bottle and kiss the person it lands on for at least 5 seconds;OR;Both of you must take a shot
4,Do or Drink,Dm your crush the 👀 emoji;OR;Drink 4 times
4,Do or Drink,Twerk for 15 seconds;OR;Drink 4 times
4,Do or Drink,Dance on the table to a song of the group's choice for 30 seconds;OR;Take a shot
4,Do or Drink,Show the most embarrassing picture on your phone;OR;Drink 3 times
4,Do or Drink,Take an embarrassing selfie and post it to your snap story;OR;Finish your drink
4,Do or Drink,Text someone you used to be close with 'We need to ft soon!';OR;Drink 4 times
4,Do or Drink,Sit on the lap of the person to your right for the next two rounds;OR;Drink 5 times
4,Do or Drink,Take of three articles of clothing;OR;Finish your drink
4,Do or Drink,Let the person across the room from you ride on your back like a horse;OR;Drink 4 times
4,Do or Drink,Pick two other players to form a human pyramid with;OR;If you fail you all take a shot
4,Do or Drink,Do a striptease with three articles of clothing;OR;Take 3 drinks
4,Do or Drink,Let the group tickle you for 30 seconds;OR;Drink 5 times
4,Do or Drink,Cut a hole in your shirt;OR;Finish your drink
4,Do or Drink,Post a pic of you hovered over the toilet bowl on you snap story for 5 min;OR;Finish your drink
4,Do or Drink,You cannot laugh for the next two rounds;OR;You must take a sip every time you move
4,Do or Drink,Let another player give you a wedgie;OR;Take 5 drinks
4,Do or Drink,Bite the booty of the person to you left;OR;Each of you must drink 3 times
4,Do or Drink,Simultaneously hop on one foot/ pat your head/ and rub your belly for 10 seconds wo messing up;OR;Drink 4 times
4,Do or Drink,Get on your hands and knees and have someone place a drink on you back/ stay like that for the next round;OR;Drink 5 times
4,Do or Drink,Let everyone guess your bodycount;OR;Drink 4 times
4,Do or Drink,Say your fav feature about everyone in the room;OR;Drink once
4,Do or Drink,Tell everyone your most embarrassing hu story;OR;Drink 4 times
4,Do or Drink,Post a selfie on your insta story and caption it 'dms are open';OR;Drink 5 times
4,Do or Drink,Give a hickey to a person of your choosing;OR;Both of you must drink 5 times
4,Do or Drink,Go pantsless for one round;OR;Finish your drink
4,Do or Drink,Give the person on your left a foot massage for 30 seconds;OR;Drink 3 times
4,Do or Drink,Let someone pour a glass of water on you;OR;Finish your drink
4,Do or Drink,Blindfold your eyes and feel someone's face. If you can't guess who it is;OR;Drink twice
4,Do or Drink,Motorboat the person to you right for 15 seconds;OR;Take a shot
4,Do or Drink,Deep throat a banana (or cucumber etc.);OR;Drink 3 times
4,Do or Drink,Tell the story of how you lost your virginity;OR;Drink 3 times
4,Do or Drink,Touch noses with the person on your right for 60 seconds without breaking eye contact;OR;Both of you must finish your drinks
4,Do or Drink,Call a pizza place and ask them if they can make you a pizza in the shape of a penis;OR;Finish your drink
4,Do or Drink,F/ Marry/ Kill with the three people to your right;OR;Drink 3 times
4,Do or Drink,Guess the rice purity test score of everyone in the room;OR;Drink each time your guess is off by +- 5
4,Do or Drink,Twerk upside down on the wall for 20 seconds;OR;Drink 5 times
4,Do or Drink,Take a selfie and use the filter that turns you into the opposite sex/ post it to your story for 5 minutes;OR;Drink 5 times
4,Do or Drink,Put the person across from you on your shoulders;OR;Each of you must drink 3 times
4,Do or Drink,Take a body shot of the belly of the person to your right;OR;Take two shots
4,Do or Drink,Pick someone in the group to unzip their pants with your teeth;OR;Drink 5 times
4,Do or Drink,Try to shoot a balled up peice of paper or trash into the garbage;OR;If you miss/ drink twice. If you make it/ everybody in the room finishes their drinks.
4,Do or Drink,Remove your pants and shirt and sit in your underwear until the next term;OR;Finish your drink
4,Do or Drink,Name at least three different drugs harder than weed;OR;Drink 3 times
4,Do or Drink,Guess which players have had or given road head;OR;If you get it right/ they drink. If you get it wrong/ you drink
4,Do or Drink,Make a fart noise with you hand or armpit;OR;Take a drink
4,Do or Drink,Give $5 to the person on your left;OR;Finish your drink
4,Do or Drink,Take off a piece of clothing every time you curse for the rest of the game;OR;Finish your drink
4,Do or Drink,Eat a slice of lemon or lime without making a sour face;OR;Drink 3 times